<application>
  <component name="ProjectJdkTable">
    <jdk version="2">
      <name value="jbr-17" />
      <type value="JavaSDK" />
      <version value="JetBrains Runtime version 17.0.6" />
      <homePath value="$APPLICATION_HOME_DIR$/jbr" />
      <roots>
        <annotationsPath>
          <root type="composite">
            <root url="jar://$APPLICATION_HOME_DIR$/plugins/java/lib/resources/jdkAnnotations.jar!/" type="simple" />
          </root>
        </annotationsPath>
        <classPath>
          <root type="composite">
            <root url="jrt://C:/Program Files/Android/Android Studio/jbr!/java.base" type="simple" />
            <root url="jrt://C:/Program Files/Android/Android Studio/jbr!/java.compiler" type="simple" />
            <root url="jrt://C:/Program Files/Android/Android Studio/jbr!/java.datatransfer" type="simple" />
            <root url="jrt://C:/Program Files/Android/Android Studio/jbr!/java.desktop" type="simple" />
            <root url="jrt://C:/Program Files/Android/Android Studio/jbr!/java.instrument" type="simple" />
            <root url="jrt://C:/Program Files/Android/Android Studio/jbr!/java.logging" type="simple" />
            <root url="jrt://C:/Program Files/Android/Android Studio/jbr!/java.management" type="simple" />
            <root url="jrt://C:/Program Files/Android/Android Studio/jbr!/java.management.rmi" type="simple" />
            <root url="jrt://C:/Program Files/Android/Android Studio/jbr!/java.naming" type="simple" />
            <root url="jrt://C:/Program Files/Android/Android Studio/jbr!/java.net.http" type="simple" />
            <root url="jrt://C:/Program Files/Android/Android Studio/jbr!/java.prefs" type="simple" />
            <root url="jrt://C:/Program Files/Android/Android Studio/jbr!/java.rmi" type="simple" />
            <root url="jrt://C:/Program Files/Android/Android Studio/jbr!/java.scripting" type="simple" />
            <root url="jrt://C:/Program Files/Android/Android Studio/jbr!/java.se" type="simple" />
            <root url="jrt://C:/Program Files/Android/Android Studio/jbr!/java.security.jgss" type="simple" />
            <root url="jrt://C:/Program Files/Android/Android Studio/jbr!/java.security.sasl" type="simple" />
            <root url="jrt://C:/Program Files/Android/Android Studio/jbr!/java.smartcardio" type="simple" />
            <root url="jrt://C:/Program Files/Android/Android Studio/jbr!/java.sql" type="simple" />
            <root url="jrt://C:/Program Files/Android/Android Studio/jbr!/java.sql.rowset" type="simple" />
            <root url="jrt://C:/Program Files/Android/Android Studio/jbr!/java.transaction.xa" type="simple" />
            <root url="jrt://C:/Program Files/Android/Android Studio/jbr!/java.xml" type="simple" />
            <root url="jrt://C:/Program Files/Android/Android Studio/jbr!/java.xml.crypto" type="simple" />
            <root url="jrt://C:/Program Files/Android/Android Studio/jbr!/jdk.accessibility" type="simple" />
            <root url="jrt://C:/Program Files/Android/Android Studio/jbr!/jdk.attach" type="simple" />
            <root url="jrt://C:/Program Files/Android/Android Studio/jbr!/jdk.charsets" type="simple" />
            <root url="jrt://C:/Program Files/Android/Android Studio/jbr!/jdk.compiler" type="simple" />
            <root url="jrt://C:/Program Files/Android/Android Studio/jbr!/jdk.crypto.cryptoki" type="simple" />
            <root url="jrt://C:/Program Files/Android/Android Studio/jbr!/jdk.crypto.ec" type="simple" />
            <root url="jrt://C:/Program Files/Android/Android Studio/jbr!/jdk.dynalink" type="simple" />
            <root url="jrt://C:/Program Files/Android/Android Studio/jbr!/jdk.hotspot.agent" type="simple" />
            <root url="jrt://C:/Program Files/Android/Android Studio/jbr!/jdk.httpserver" type="simple" />
            <root url="jrt://C:/Program Files/Android/Android Studio/jbr!/jdk.internal.ed" type="simple" />
            <root url="jrt://C:/Program Files/Android/Android Studio/jbr!/jdk.internal.jvmstat" type="simple" />
            <root url="jrt://C:/Program Files/Android/Android Studio/jbr!/jdk.internal.le" type="simple" />
            <root url="jrt://C:/Program Files/Android/Android Studio/jbr!/jdk.internal.opt" type="simple" />
            <root url="jrt://C:/Program Files/Android/Android Studio/jbr!/jdk.internal.vm.ci" type="simple" />
            <root url="jrt://C:/Program Files/Android/Android Studio/jbr!/jdk.internal.vm.compiler" type="simple" />
            <root url="jrt://C:/Program Files/Android/Android Studio/jbr!/jdk.internal.vm.compiler.management" type="simple" />
            <root url="jrt://C:/Program Files/Android/Android Studio/jbr!/jdk.jartool" type="simple" />
            <root url="jrt://C:/Program Files/Android/Android Studio/jbr!/jdk.javadoc" type="simple" />
            <root url="jrt://C:/Program Files/Android/Android Studio/jbr!/jdk.jcmd" type="simple" />
            <root url="jrt://C:/Program Files/Android/Android Studio/jbr!/jdk.jdeps" type="simple" />
            <root url="jrt://C:/Program Files/Android/Android Studio/jbr!/jdk.jdi" type="simple" />
            <root url="jrt://C:/Program Files/Android/Android Studio/jbr!/jdk.jdwp.agent" type="simple" />
            <root url="jrt://C:/Program Files/Android/Android Studio/jbr!/jdk.jfr" type="simple" />
            <root url="jrt://C:/Program Files/Android/Android Studio/jbr!/jdk.jlink" type="simple" />
            <root url="jrt://C:/Program Files/Android/Android Studio/jbr!/jdk.jsobject" type="simple" />
            <root url="jrt://C:/Program Files/Android/Android Studio/jbr!/jdk.localedata" type="simple" />
            <root url="jrt://C:/Program Files/Android/Android Studio/jbr!/jdk.management" type="simple" />
            <root url="jrt://C:/Program Files/Android/Android Studio/jbr!/jdk.management.agent" type="simple" />
            <root url="jrt://C:/Program Files/Android/Android Studio/jbr!/jdk.management.jfr" type="simple" />
            <root url="jrt://C:/Program Files/Android/Android Studio/jbr!/jdk.naming.dns" type="simple" />
            <root url="jrt://C:/Program Files/Android/Android Studio/jbr!/jdk.naming.rmi" type="simple" />
            <root url="jrt://C:/Program Files/Android/Android Studio/jbr!/jdk.net" type="simple" />
            <root url="jrt://C:/Program Files/Android/Android Studio/jbr!/jdk.sctp" type="simple" />
            <root url="jrt://C:/Program Files/Android/Android Studio/jbr!/jdk.security.auth" type="simple" />
            <root url="jrt://C:/Program Files/Android/Android Studio/jbr!/jdk.security.jgss" type="simple" />
            <root url="jrt://C:/Program Files/Android/Android Studio/jbr!/jdk.unsupported" type="simple" />
            <root url="jrt://C:/Program Files/Android/Android Studio/jbr!/jdk.unsupported.desktop" type="simple" />
            <root url="jrt://C:/Program Files/Android/Android Studio/jbr!/jdk.xml.dom" type="simple" />
            <root url="jrt://C:/Program Files/Android/Android Studio/jbr!/jdk.zipfs" type="simple" />
          </root>
        </classPath>
        <javadocPath>
          <root type="composite">
            <root url="https://docs.oracle.com/en/java/javase/17/docs/api/" type="simple" />
          </root>
        </javadocPath>
        <sourcePath>
          <root type="composite" />
        </sourcePath>
      </roots>
      <additional />
    </jdk>
    <jdk version="2">
      <name value="Android Studio default JDK" />
      <type value="JavaSDK" />
      <version value="JetBrains Runtime version 17.0.6" />
      <homePath value="$APPLICATION_HOME_DIR$/jbr" />
      <roots>
        <annotationsPath>
          <root type="composite">
            <root url="jar://$APPLICATION_HOME_DIR$/plugins/java/lib/resources/jdkAnnotations.jar!/" type="simple" />
          </root>
        </annotationsPath>
        <classPath>
          <root type="composite">
            <root url="jrt://C:/Program Files/Android/Android Studio/jbr!/java.base" type="simple" />
            <root url="jrt://C:/Program Files/Android/Android Studio/jbr!/java.compiler" type="simple" />
            <root url="jrt://C:/Program Files/Android/Android Studio/jbr!/java.datatransfer" type="simple" />
            <root url="jrt://C:/Program Files/Android/Android Studio/jbr!/java.desktop" type="simple" />
            <root url="jrt://C:/Program Files/Android/Android Studio/jbr!/java.instrument" type="simple" />
            <root url="jrt://C:/Program Files/Android/Android Studio/jbr!/java.logging" type="simple" />
            <root url="jrt://C:/Program Files/Android/Android Studio/jbr!/java.management" type="simple" />
            <root url="jrt://C:/Program Files/Android/Android Studio/jbr!/java.management.rmi" type="simple" />
            <root url="jrt://C:/Program Files/Android/Android Studio/jbr!/java.naming" type="simple" />
            <root url="jrt://C:/Program Files/Android/Android Studio/jbr!/java.net.http" type="simple" />
            <root url="jrt://C:/Program Files/Android/Android Studio/jbr!/java.prefs" type="simple" />
            <root url="jrt://C:/Program Files/Android/Android Studio/jbr!/java.rmi" type="simple" />
            <root url="jrt://C:/Program Files/Android/Android Studio/jbr!/java.scripting" type="simple" />
            <root url="jrt://C:/Program Files/Android/Android Studio/jbr!/java.se" type="simple" />
            <root url="jrt://C:/Program Files/Android/Android Studio/jbr!/java.security.jgss" type="simple" />
            <root url="jrt://C:/Program Files/Android/Android Studio/jbr!/java.security.sasl" type="simple" />
            <root url="jrt://C:/Program Files/Android/Android Studio/jbr!/java.smartcardio" type="simple" />
            <root url="jrt://C:/Program Files/Android/Android Studio/jbr!/java.sql" type="simple" />
            <root url="jrt://C:/Program Files/Android/Android Studio/jbr!/java.sql.rowset" type="simple" />
            <root url="jrt://C:/Program Files/Android/Android Studio/jbr!/java.transaction.xa" type="simple" />
            <root url="jrt://C:/Program Files/Android/Android Studio/jbr!/java.xml" type="simple" />
            <root url="jrt://C:/Program Files/Android/Android Studio/jbr!/java.xml.crypto" type="simple" />
            <root url="jrt://C:/Program Files/Android/Android Studio/jbr!/jdk.accessibility" type="simple" />
            <root url="jrt://C:/Program Files/Android/Android Studio/jbr!/jdk.attach" type="simple" />
            <root url="jrt://C:/Program Files/Android/Android Studio/jbr!/jdk.charsets" type="simple" />
            <root url="jrt://C:/Program Files/Android/Android Studio/jbr!/jdk.compiler" type="simple" />
            <root url="jrt://C:/Program Files/Android/Android Studio/jbr!/jdk.crypto.cryptoki" type="simple" />
            <root url="jrt://C:/Program Files/Android/Android Studio/jbr!/jdk.crypto.ec" type="simple" />
            <root url="jrt://C:/Program Files/Android/Android Studio/jbr!/jdk.dynalink" type="simple" />
            <root url="jrt://C:/Program Files/Android/Android Studio/jbr!/jdk.hotspot.agent" type="simple" />
            <root url="jrt://C:/Program Files/Android/Android Studio/jbr!/jdk.httpserver" type="simple" />
            <root url="jrt://C:/Program Files/Android/Android Studio/jbr!/jdk.internal.ed" type="simple" />
            <root url="jrt://C:/Program Files/Android/Android Studio/jbr!/jdk.internal.jvmstat" type="simple" />
            <root url="jrt://C:/Program Files/Android/Android Studio/jbr!/jdk.internal.le" type="simple" />
            <root url="jrt://C:/Program Files/Android/Android Studio/jbr!/jdk.internal.opt" type="simple" />
            <root url="jrt://C:/Program Files/Android/Android Studio/jbr!/jdk.internal.vm.ci" type="simple" />
            <root url="jrt://C:/Program Files/Android/Android Studio/jbr!/jdk.internal.vm.compiler" type="simple" />
            <root url="jrt://C:/Program Files/Android/Android Studio/jbr!/jdk.internal.vm.compiler.management" type="simple" />
            <root url="jrt://C:/Program Files/Android/Android Studio/jbr!/jdk.jartool" type="simple" />
            <root url="jrt://C:/Program Files/Android/Android Studio/jbr!/jdk.javadoc" type="simple" />
            <root url="jrt://C:/Program Files/Android/Android Studio/jbr!/jdk.jcmd" type="simple" />
            <root url="jrt://C:/Program Files/Android/Android Studio/jbr!/jdk.jdeps" type="simple" />
            <root url="jrt://C:/Program Files/Android/Android Studio/jbr!/jdk.jdi" type="simple" />
            <root url="jrt://C:/Program Files/Android/Android Studio/jbr!/jdk.jdwp.agent" type="simple" />
            <root url="jrt://C:/Program Files/Android/Android Studio/jbr!/jdk.jfr" type="simple" />
            <root url="jrt://C:/Program Files/Android/Android Studio/jbr!/jdk.jlink" type="simple" />
            <root url="jrt://C:/Program Files/Android/Android Studio/jbr!/jdk.jsobject" type="simple" />
            <root url="jrt://C:/Program Files/Android/Android Studio/jbr!/jdk.localedata" type="simple" />
            <root url="jrt://C:/Program Files/Android/Android Studio/jbr!/jdk.management" type="simple" />
            <root url="jrt://C:/Program Files/Android/Android Studio/jbr!/jdk.management.agent" type="simple" />
            <root url="jrt://C:/Program Files/Android/Android Studio/jbr!/jdk.management.jfr" type="simple" />
            <root url="jrt://C:/Program Files/Android/Android Studio/jbr!/jdk.naming.dns" type="simple" />
            <root url="jrt://C:/Program Files/Android/Android Studio/jbr!/jdk.naming.rmi" type="simple" />
            <root url="jrt://C:/Program Files/Android/Android Studio/jbr!/jdk.net" type="simple" />
            <root url="jrt://C:/Program Files/Android/Android Studio/jbr!/jdk.sctp" type="simple" />
            <root url="jrt://C:/Program Files/Android/Android Studio/jbr!/jdk.security.auth" type="simple" />
            <root url="jrt://C:/Program Files/Android/Android Studio/jbr!/jdk.security.jgss" type="simple" />
            <root url="jrt://C:/Program Files/Android/Android Studio/jbr!/jdk.unsupported" type="simple" />
            <root url="jrt://C:/Program Files/Android/Android Studio/jbr!/jdk.unsupported.desktop" type="simple" />
            <root url="jrt://C:/Program Files/Android/Android Studio/jbr!/jdk.xml.dom" type="simple" />
            <root url="jrt://C:/Program Files/Android/Android Studio/jbr!/jdk.zipfs" type="simple" />
          </root>
        </classPath>
        <javadocPath>
          <root type="composite" />
        </javadocPath>
        <sourcePath>
          <root type="composite" />
        </sourcePath>
      </roots>
      <additional />
    </jdk>
    <jdk version="2">
      <name value="Embedded JDK" />
      <type value="JavaSDK" />
      <version value="JetBrains Runtime version 17.0.6" />
      <homePath value="$APPLICATION_HOME_DIR$/jbr" />
      <roots>
        <annotationsPath>
          <root type="composite">
            <root url="jar://$APPLICATION_HOME_DIR$/plugins/java/lib/resources/jdkAnnotations.jar!/" type="simple" />
          </root>
        </annotationsPath>
        <classPath>
          <root type="composite">
            <root url="jrt://C:/Program Files/Android/Android Studio/jbr!/java.base" type="simple" />
            <root url="jrt://C:/Program Files/Android/Android Studio/jbr!/java.compiler" type="simple" />
            <root url="jrt://C:/Program Files/Android/Android Studio/jbr!/java.datatransfer" type="simple" />
            <root url="jrt://C:/Program Files/Android/Android Studio/jbr!/java.desktop" type="simple" />
            <root url="jrt://C:/Program Files/Android/Android Studio/jbr!/java.instrument" type="simple" />
            <root url="jrt://C:/Program Files/Android/Android Studio/jbr!/java.logging" type="simple" />
            <root url="jrt://C:/Program Files/Android/Android Studio/jbr!/java.management" type="simple" />
            <root url="jrt://C:/Program Files/Android/Android Studio/jbr!/java.management.rmi" type="simple" />
            <root url="jrt://C:/Program Files/Android/Android Studio/jbr!/java.naming" type="simple" />
            <root url="jrt://C:/Program Files/Android/Android Studio/jbr!/java.net.http" type="simple" />
            <root url="jrt://C:/Program Files/Android/Android Studio/jbr!/java.prefs" type="simple" />
            <root url="jrt://C:/Program Files/Android/Android Studio/jbr!/java.rmi" type="simple" />
            <root url="jrt://C:/Program Files/Android/Android Studio/jbr!/java.scripting" type="simple" />
            <root url="jrt://C:/Program Files/Android/Android Studio/jbr!/java.se" type="simple" />
            <root url="jrt://C:/Program Files/Android/Android Studio/jbr!/java.security.jgss" type="simple" />
            <root url="jrt://C:/Program Files/Android/Android Studio/jbr!/java.security.sasl" type="simple" />
            <root url="jrt://C:/Program Files/Android/Android Studio/jbr!/java.smartcardio" type="simple" />
            <root url="jrt://C:/Program Files/Android/Android Studio/jbr!/java.sql" type="simple" />
            <root url="jrt://C:/Program Files/Android/Android Studio/jbr!/java.sql.rowset" type="simple" />
            <root url="jrt://C:/Program Files/Android/Android Studio/jbr!/java.transaction.xa" type="simple" />
            <root url="jrt://C:/Program Files/Android/Android Studio/jbr!/java.xml" type="simple" />
            <root url="jrt://C:/Program Files/Android/Android Studio/jbr!/java.xml.crypto" type="simple" />
            <root url="jrt://C:/Program Files/Android/Android Studio/jbr!/jdk.accessibility" type="simple" />
            <root url="jrt://C:/Program Files/Android/Android Studio/jbr!/jdk.attach" type="simple" />
            <root url="jrt://C:/Program Files/Android/Android Studio/jbr!/jdk.charsets" type="simple" />
            <root url="jrt://C:/Program Files/Android/Android Studio/jbr!/jdk.compiler" type="simple" />
            <root url="jrt://C:/Program Files/Android/Android Studio/jbr!/jdk.crypto.cryptoki" type="simple" />
            <root url="jrt://C:/Program Files/Android/Android Studio/jbr!/jdk.crypto.ec" type="simple" />
            <root url="jrt://C:/Program Files/Android/Android Studio/jbr!/jdk.dynalink" type="simple" />
            <root url="jrt://C:/Program Files/Android/Android Studio/jbr!/jdk.hotspot.agent" type="simple" />
            <root url="jrt://C:/Program Files/Android/Android Studio/jbr!/jdk.httpserver" type="simple" />
            <root url="jrt://C:/Program Files/Android/Android Studio/jbr!/jdk.internal.ed" type="simple" />
            <root url="jrt://C:/Program Files/Android/Android Studio/jbr!/jdk.internal.jvmstat" type="simple" />
            <root url="jrt://C:/Program Files/Android/Android Studio/jbr!/jdk.internal.le" type="simple" />
            <root url="jrt://C:/Program Files/Android/Android Studio/jbr!/jdk.internal.opt" type="simple" />
            <root url="jrt://C:/Program Files/Android/Android Studio/jbr!/jdk.internal.vm.ci" type="simple" />
            <root url="jrt://C:/Program Files/Android/Android Studio/jbr!/jdk.internal.vm.compiler" type="simple" />
            <root url="jrt://C:/Program Files/Android/Android Studio/jbr!/jdk.internal.vm.compiler.management" type="simple" />
            <root url="jrt://C:/Program Files/Android/Android Studio/jbr!/jdk.jartool" type="simple" />
            <root url="jrt://C:/Program Files/Android/Android Studio/jbr!/jdk.javadoc" type="simple" />
            <root url="jrt://C:/Program Files/Android/Android Studio/jbr!/jdk.jcmd" type="simple" />
            <root url="jrt://C:/Program Files/Android/Android Studio/jbr!/jdk.jdeps" type="simple" />
            <root url="jrt://C:/Program Files/Android/Android Studio/jbr!/jdk.jdi" type="simple" />
            <root url="jrt://C:/Program Files/Android/Android Studio/jbr!/jdk.jdwp.agent" type="simple" />
            <root url="jrt://C:/Program Files/Android/Android Studio/jbr!/jdk.jfr" type="simple" />
            <root url="jrt://C:/Program Files/Android/Android Studio/jbr!/jdk.jlink" type="simple" />
            <root url="jrt://C:/Program Files/Android/Android Studio/jbr!/jdk.jsobject" type="simple" />
            <root url="jrt://C:/Program Files/Android/Android Studio/jbr!/jdk.localedata" type="simple" />
            <root url="jrt://C:/Program Files/Android/Android Studio/jbr!/jdk.management" type="simple" />
            <root url="jrt://C:/Program Files/Android/Android Studio/jbr!/jdk.management.agent" type="simple" />
            <root url="jrt://C:/Program Files/Android/Android Studio/jbr!/jdk.management.jfr" type="simple" />
            <root url="jrt://C:/Program Files/Android/Android Studio/jbr!/jdk.naming.dns" type="simple" />
            <root url="jrt://C:/Program Files/Android/Android Studio/jbr!/jdk.naming.rmi" type="simple" />
            <root url="jrt://C:/Program Files/Android/Android Studio/jbr!/jdk.net" type="simple" />
            <root url="jrt://C:/Program Files/Android/Android Studio/jbr!/jdk.sctp" type="simple" />
            <root url="jrt://C:/Program Files/Android/Android Studio/jbr!/jdk.security.auth" type="simple" />
            <root url="jrt://C:/Program Files/Android/Android Studio/jbr!/jdk.security.jgss" type="simple" />
            <root url="jrt://C:/Program Files/Android/Android Studio/jbr!/jdk.unsupported" type="simple" />
            <root url="jrt://C:/Program Files/Android/Android Studio/jbr!/jdk.unsupported.desktop" type="simple" />
            <root url="jrt://C:/Program Files/Android/Android Studio/jbr!/jdk.xml.dom" type="simple" />
            <root url="jrt://C:/Program Files/Android/Android Studio/jbr!/jdk.zipfs" type="simple" />
          </root>
        </classPath>
        <javadocPath>
          <root type="composite" />
        </javadocPath>
        <sourcePath>
          <root type="composite" />
        </sourcePath>
      </roots>
      <additional />
    </jdk>
    <jdk version="2">
      <name value="Android API 28 Platform" />
      <type value="Android SDK" />
      <homePath value="D:/Android/Sdk" />
      <roots>
        <annotationsPath>
          <root type="composite">
            <root url="jar://D:/Android/Sdk/platforms/android-28/data/annotations.zip!/" type="simple" />
          </root>
        </annotationsPath>
        <classPath>
          <root type="composite">
            <root url="jar://D:/Android/Sdk/platforms/android-28/android.jar!/" type="simple" />
            <root url="file://D:/Android/Sdk/platforms/android-28/data/res" type="simple" />
          </root>
        </classPath>
        <javadocPath>
          <root type="composite" />
        </javadocPath>
        <sourcePath>
          <root type="composite">
            <root url="file://D:/Android/Sdk/sources/android-28" type="simple" />
          </root>
        </sourcePath>
      </roots>
      <additional jdk="Android Studio default JDK" sdk="android-28" />
    </jdk>
    <jdk version="2">
      <name value="Android API 34, extension level 7 Platform" />
      <type value="Android SDK" />
      <version value="JetBrains Runtime version 17.0.6" />
      <homePath value="D:/Android/Sdk" />
      <roots>
        <annotationsPath>
          <root type="composite">
            <root url="jar://D:/Android/Sdk/platforms/android-34/data/annotations.zip!/" type="simple" />
          </root>
        </annotationsPath>
        <classPath>
          <root type="composite">
            <root url="jar://D:/Android/Sdk/platforms/android-34/android.jar!/" type="simple" />
            <root url="file://D:/Android/Sdk/platforms/android-34/data/res" type="simple" />
          </root>
        </classPath>
        <javadocPath>
          <root type="composite">
            <root url="http://developer.android.com/reference/" type="simple" />
          </root>
        </javadocPath>
        <sourcePath>
          <root type="composite" />
        </sourcePath>
      </roots>
      <additional jdk="Android Studio default JDK" sdk="android-34" />
    </jdk>
    <jdk version="2">
      <name value="1.8" />
      <type value="JavaSDK" />
      <version value="Oracle OpenJDK version 1.8.0_231" />
      <homePath value="C:/Program Files/java/jdk1.8.0_231" />
      <roots>
        <annotationsPath>
          <root type="composite">
            <root url="jar://$APPLICATION_HOME_DIR$/plugins/java/lib/resources/jdkAnnotations.jar!/" type="simple" />
          </root>
        </annotationsPath>
        <classPath>
          <root type="composite">
            <root url="jar://C:/Program Files/java/jdk1.8.0_231/jre/lib/charsets.jar!/" type="simple" />
            <root url="jar://C:/Program Files/java/jdk1.8.0_231/jre/lib/deploy.jar!/" type="simple" />
            <root url="jar://C:/Program Files/java/jdk1.8.0_231/jre/lib/ext/access-bridge-64.jar!/" type="simple" />
            <root url="jar://C:/Program Files/java/jdk1.8.0_231/jre/lib/ext/cldrdata.jar!/" type="simple" />
            <root url="jar://C:/Program Files/java/jdk1.8.0_231/jre/lib/ext/dnsns.jar!/" type="simple" />
            <root url="jar://C:/Program Files/java/jdk1.8.0_231/jre/lib/ext/jaccess.jar!/" type="simple" />
            <root url="jar://C:/Program Files/java/jdk1.8.0_231/jre/lib/ext/jfxrt.jar!/" type="simple" />
            <root url="jar://C:/Program Files/java/jdk1.8.0_231/jre/lib/ext/localedata.jar!/" type="simple" />
            <root url="jar://C:/Program Files/java/jdk1.8.0_231/jre/lib/ext/nashorn.jar!/" type="simple" />
            <root url="jar://C:/Program Files/java/jdk1.8.0_231/jre/lib/ext/sunec.jar!/" type="simple" />
            <root url="jar://C:/Program Files/java/jdk1.8.0_231/jre/lib/ext/sunjce_provider.jar!/" type="simple" />
            <root url="jar://C:/Program Files/java/jdk1.8.0_231/jre/lib/ext/sunmscapi.jar!/" type="simple" />
            <root url="jar://C:/Program Files/java/jdk1.8.0_231/jre/lib/ext/sunpkcs11.jar!/" type="simple" />
            <root url="jar://C:/Program Files/java/jdk1.8.0_231/jre/lib/ext/zipfs.jar!/" type="simple" />
            <root url="jar://C:/Program Files/java/jdk1.8.0_231/jre/lib/javaws.jar!/" type="simple" />
            <root url="jar://C:/Program Files/java/jdk1.8.0_231/jre/lib/jce.jar!/" type="simple" />
            <root url="jar://C:/Program Files/java/jdk1.8.0_231/jre/lib/jfr.jar!/" type="simple" />
            <root url="jar://C:/Program Files/java/jdk1.8.0_231/jre/lib/jfxswt.jar!/" type="simple" />
            <root url="jar://C:/Program Files/java/jdk1.8.0_231/jre/lib/jsse.jar!/" type="simple" />
            <root url="jar://C:/Program Files/java/jdk1.8.0_231/jre/lib/management-agent.jar!/" type="simple" />
            <root url="jar://C:/Program Files/java/jdk1.8.0_231/jre/lib/plugin.jar!/" type="simple" />
            <root url="jar://C:/Program Files/java/jdk1.8.0_231/jre/lib/resources.jar!/" type="simple" />
            <root url="jar://C:/Program Files/java/jdk1.8.0_231/jre/lib/rt.jar!/" type="simple" />
          </root>
        </classPath>
        <javadocPath>
          <root type="composite" />
        </javadocPath>
        <sourcePath>
          <root type="composite">
            <root url="jar://C:/Program Files/java/jdk1.8.0_231/src.zip!/" type="simple" />
            <root url="jar://C:/Program Files/java/jdk1.8.0_231/javafx-src.zip!/" type="simple" />
          </root>
        </sourcePath>
      </roots>
      <additional />
    </jdk>
    <jdk version="2">
      <name value="11" />
      <type value="JavaSDK" />
      <version value="Oracle OpenJDK version 11" />
      <homePath value="C:/Program Files/java/jdk-11" />
      <roots>
        <annotationsPath>
          <root type="composite">
            <root url="jar://$APPLICATION_HOME_DIR$/plugins/java/lib/resources/jdkAnnotations.jar!/" type="simple" />
          </root>
        </annotationsPath>
        <classPath>
          <root type="composite">
            <root url="jrt://C:/Program Files/java/jdk-11!/java.base" type="simple" />
            <root url="jrt://C:/Program Files/java/jdk-11!/java.compiler" type="simple" />
            <root url="jrt://C:/Program Files/java/jdk-11!/java.datatransfer" type="simple" />
            <root url="jrt://C:/Program Files/java/jdk-11!/java.desktop" type="simple" />
            <root url="jrt://C:/Program Files/java/jdk-11!/java.instrument" type="simple" />
            <root url="jrt://C:/Program Files/java/jdk-11!/java.logging" type="simple" />
            <root url="jrt://C:/Program Files/java/jdk-11!/java.management" type="simple" />
            <root url="jrt://C:/Program Files/java/jdk-11!/java.management.rmi" type="simple" />
            <root url="jrt://C:/Program Files/java/jdk-11!/java.naming" type="simple" />
            <root url="jrt://C:/Program Files/java/jdk-11!/java.net.http" type="simple" />
            <root url="jrt://C:/Program Files/java/jdk-11!/java.prefs" type="simple" />
            <root url="jrt://C:/Program Files/java/jdk-11!/java.rmi" type="simple" />
            <root url="jrt://C:/Program Files/java/jdk-11!/java.scripting" type="simple" />
            <root url="jrt://C:/Program Files/java/jdk-11!/java.se" type="simple" />
            <root url="jrt://C:/Program Files/java/jdk-11!/java.security.jgss" type="simple" />
            <root url="jrt://C:/Program Files/java/jdk-11!/java.security.sasl" type="simple" />
            <root url="jrt://C:/Program Files/java/jdk-11!/java.smartcardio" type="simple" />
            <root url="jrt://C:/Program Files/java/jdk-11!/java.sql" type="simple" />
            <root url="jrt://C:/Program Files/java/jdk-11!/java.sql.rowset" type="simple" />
            <root url="jrt://C:/Program Files/java/jdk-11!/java.transaction.xa" type="simple" />
            <root url="jrt://C:/Program Files/java/jdk-11!/java.xml" type="simple" />
            <root url="jrt://C:/Program Files/java/jdk-11!/java.xml.crypto" type="simple" />
            <root url="jrt://C:/Program Files/java/jdk-11!/jdk.accessibility" type="simple" />
            <root url="jrt://C:/Program Files/java/jdk-11!/jdk.aot" type="simple" />
            <root url="jrt://C:/Program Files/java/jdk-11!/jdk.attach" type="simple" />
            <root url="jrt://C:/Program Files/java/jdk-11!/jdk.charsets" type="simple" />
            <root url="jrt://C:/Program Files/java/jdk-11!/jdk.compiler" type="simple" />
            <root url="jrt://C:/Program Files/java/jdk-11!/jdk.crypto.cryptoki" type="simple" />
            <root url="jrt://C:/Program Files/java/jdk-11!/jdk.crypto.ec" type="simple" />
            <root url="jrt://C:/Program Files/java/jdk-11!/jdk.crypto.mscapi" type="simple" />
            <root url="jrt://C:/Program Files/java/jdk-11!/jdk.dynalink" type="simple" />
            <root url="jrt://C:/Program Files/java/jdk-11!/jdk.editpad" type="simple" />
            <root url="jrt://C:/Program Files/java/jdk-11!/jdk.hotspot.agent" type="simple" />
            <root url="jrt://C:/Program Files/java/jdk-11!/jdk.httpserver" type="simple" />
            <root url="jrt://C:/Program Files/java/jdk-11!/jdk.internal.ed" type="simple" />
            <root url="jrt://C:/Program Files/java/jdk-11!/jdk.internal.jvmstat" type="simple" />
            <root url="jrt://C:/Program Files/java/jdk-11!/jdk.internal.le" type="simple" />
            <root url="jrt://C:/Program Files/java/jdk-11!/jdk.internal.opt" type="simple" />
            <root url="jrt://C:/Program Files/java/jdk-11!/jdk.internal.vm.ci" type="simple" />
            <root url="jrt://C:/Program Files/java/jdk-11!/jdk.internal.vm.compiler" type="simple" />
            <root url="jrt://C:/Program Files/java/jdk-11!/jdk.internal.vm.compiler.management" type="simple" />
            <root url="jrt://C:/Program Files/java/jdk-11!/jdk.jartool" type="simple" />
            <root url="jrt://C:/Program Files/java/jdk-11!/jdk.javadoc" type="simple" />
            <root url="jrt://C:/Program Files/java/jdk-11!/jdk.jcmd" type="simple" />
            <root url="jrt://C:/Program Files/java/jdk-11!/jdk.jconsole" type="simple" />
            <root url="jrt://C:/Program Files/java/jdk-11!/jdk.jdeps" type="simple" />
            <root url="jrt://C:/Program Files/java/jdk-11!/jdk.jdi" type="simple" />
            <root url="jrt://C:/Program Files/java/jdk-11!/jdk.jdwp.agent" type="simple" />
            <root url="jrt://C:/Program Files/java/jdk-11!/jdk.jfr" type="simple" />
            <root url="jrt://C:/Program Files/java/jdk-11!/jdk.jlink" type="simple" />
            <root url="jrt://C:/Program Files/java/jdk-11!/jdk.jshell" type="simple" />
            <root url="jrt://C:/Program Files/java/jdk-11!/jdk.jsobject" type="simple" />
            <root url="jrt://C:/Program Files/java/jdk-11!/jdk.jstatd" type="simple" />
            <root url="jrt://C:/Program Files/java/jdk-11!/jdk.localedata" type="simple" />
            <root url="jrt://C:/Program Files/java/jdk-11!/jdk.management" type="simple" />
            <root url="jrt://C:/Program Files/java/jdk-11!/jdk.management.agent" type="simple" />
            <root url="jrt://C:/Program Files/java/jdk-11!/jdk.management.jfr" type="simple" />
            <root url="jrt://C:/Program Files/java/jdk-11!/jdk.naming.dns" type="simple" />
            <root url="jrt://C:/Program Files/java/jdk-11!/jdk.naming.rmi" type="simple" />
            <root url="jrt://C:/Program Files/java/jdk-11!/jdk.net" type="simple" />
            <root url="jrt://C:/Program Files/java/jdk-11!/jdk.pack" type="simple" />
            <root url="jrt://C:/Program Files/java/jdk-11!/jdk.rmic" type="simple" />
            <root url="jrt://C:/Program Files/java/jdk-11!/jdk.scripting.nashorn" type="simple" />
            <root url="jrt://C:/Program Files/java/jdk-11!/jdk.scripting.nashorn.shell" type="simple" />
            <root url="jrt://C:/Program Files/java/jdk-11!/jdk.sctp" type="simple" />
            <root url="jrt://C:/Program Files/java/jdk-11!/jdk.security.auth" type="simple" />
            <root url="jrt://C:/Program Files/java/jdk-11!/jdk.security.jgss" type="simple" />
            <root url="jrt://C:/Program Files/java/jdk-11!/jdk.unsupported" type="simple" />
            <root url="jrt://C:/Program Files/java/jdk-11!/jdk.unsupported.desktop" type="simple" />
            <root url="jrt://C:/Program Files/java/jdk-11!/jdk.xml.dom" type="simple" />
            <root url="jrt://C:/Program Files/java/jdk-11!/jdk.zipfs" type="simple" />
          </root>
        </classPath>
        <javadocPath>
          <root type="composite" />
        </javadocPath>
        <sourcePath>
          <root type="composite">
            <root url="jar://C:/Program Files/java/jdk-11/lib/src.zip!/java.se" type="simple" />
            <root url="jar://C:/Program Files/java/jdk-11/lib/src.zip!/jdk.aot" type="simple" />
            <root url="jar://C:/Program Files/java/jdk-11/lib/src.zip!/jdk.jdi" type="simple" />
            <root url="jar://C:/Program Files/java/jdk-11/lib/src.zip!/jdk.jfr" type="simple" />
            <root url="jar://C:/Program Files/java/jdk-11/lib/src.zip!/jdk.net" type="simple" />
            <root url="jar://C:/Program Files/java/jdk-11/lib/src.zip!/java.rmi" type="simple" />
            <root url="jar://C:/Program Files/java/jdk-11/lib/src.zip!/java.sql" type="simple" />
            <root url="jar://C:/Program Files/java/jdk-11/lib/src.zip!/java.xml" type="simple" />
            <root url="jar://C:/Program Files/java/jdk-11/lib/src.zip!/jdk.jcmd" type="simple" />
            <root url="jar://C:/Program Files/java/jdk-11/lib/src.zip!/jdk.pack" type="simple" />
            <root url="jar://C:/Program Files/java/jdk-11/lib/src.zip!/jdk.rmic" type="simple" />
            <root url="jar://C:/Program Files/java/jdk-11/lib/src.zip!/jdk.sctp" type="simple" />
            <root url="jar://C:/Program Files/java/jdk-11/lib/src.zip!/java.base" type="simple" />
            <root url="jar://C:/Program Files/java/jdk-11/lib/src.zip!/jdk.jdeps" type="simple" />
            <root url="jar://C:/Program Files/java/jdk-11/lib/src.zip!/jdk.jlink" type="simple" />
            <root url="jar://C:/Program Files/java/jdk-11/lib/src.zip!/jdk.zipfs" type="simple" />
            <root url="jar://C:/Program Files/java/jdk-11/lib/src.zip!/java.prefs" type="simple" />
            <root url="jar://C:/Program Files/java/jdk-11/lib/src.zip!/jdk.attach" type="simple" />
            <root url="jar://C:/Program Files/java/jdk-11/lib/src.zip!/jdk.jshell" type="simple" />
            <root url="jar://C:/Program Files/java/jdk-11/lib/src.zip!/jdk.jstatd" type="simple" />
            <root url="jar://C:/Program Files/java/jdk-11/lib/src.zip!/java.naming" type="simple" />
            <root url="jar://C:/Program Files/java/jdk-11/lib/src.zip!/jdk.editpad" type="simple" />
            <root url="jar://C:/Program Files/java/jdk-11/lib/src.zip!/jdk.jartool" type="simple" />
            <root url="jar://C:/Program Files/java/jdk-11/lib/src.zip!/jdk.javadoc" type="simple" />
            <root url="jar://C:/Program Files/java/jdk-11/lib/src.zip!/jdk.xml.dom" type="simple" />
            <root url="jar://C:/Program Files/java/jdk-11/lib/src.zip!/java.desktop" type="simple" />
            <root url="jar://C:/Program Files/java/jdk-11/lib/src.zip!/java.logging" type="simple" />
            <root url="jar://C:/Program Files/java/jdk-11/lib/src.zip!/jdk.charsets" type="simple" />
            <root url="jar://C:/Program Files/java/jdk-11/lib/src.zip!/jdk.compiler" type="simple" />
            <root url="jar://C:/Program Files/java/jdk-11/lib/src.zip!/jdk.dynalink" type="simple" />
            <root url="jar://C:/Program Files/java/jdk-11/lib/src.zip!/jdk.jconsole" type="simple" />
            <root url="jar://C:/Program Files/java/jdk-11/lib/src.zip!/jdk.jsobject" type="simple" />
            <root url="jar://C:/Program Files/java/jdk-11/lib/src.zip!/java.compiler" type="simple" />
            <root url="jar://C:/Program Files/java/jdk-11/lib/src.zip!/java.net.http" type="simple" />
            <root url="jar://C:/Program Files/java/jdk-11/lib/src.zip!/jdk.crypto.ec" type="simple" />
            <root url="jar://C:/Program Files/java/jdk-11/lib/src.zip!/java.scripting" type="simple" />
            <root url="jar://C:/Program Files/java/jdk-11/lib/src.zip!/jdk.httpserver" type="simple" />
            <root url="jar://C:/Program Files/java/jdk-11/lib/src.zip!/jdk.jdwp.agent" type="simple" />
            <root url="jar://C:/Program Files/java/jdk-11/lib/src.zip!/jdk.localedata" type="simple" />
            <root url="jar://C:/Program Files/java/jdk-11/lib/src.zip!/jdk.management" type="simple" />
            <root url="jar://C:/Program Files/java/jdk-11/lib/src.zip!/jdk.naming.dns" type="simple" />
            <root url="jar://C:/Program Files/java/jdk-11/lib/src.zip!/jdk.naming.rmi" type="simple" />
            <root url="jar://C:/Program Files/java/jdk-11/lib/src.zip!/java.instrument" type="simple" />
            <root url="jar://C:/Program Files/java/jdk-11/lib/src.zip!/java.management" type="simple" />
            <root url="jar://C:/Program Files/java/jdk-11/lib/src.zip!/java.sql.rowset" type="simple" />
            <root url="jar://C:/Program Files/java/jdk-11/lib/src.zip!/java.xml.crypto" type="simple" />
            <root url="jar://C:/Program Files/java/jdk-11/lib/src.zip!/jdk.internal.ed" type="simple" />
            <root url="jar://C:/Program Files/java/jdk-11/lib/src.zip!/jdk.internal.le" type="simple" />
            <root url="jar://C:/Program Files/java/jdk-11/lib/src.zip!/jdk.unsupported" type="simple" />
            <root url="jar://C:/Program Files/java/jdk-11/lib/src.zip!/java.smartcardio" type="simple" />
            <root url="jar://C:/Program Files/java/jdk-11/lib/src.zip!/jdk.internal.opt" type="simple" />
            <root url="jar://C:/Program Files/java/jdk-11/lib/src.zip!/java.datatransfer" type="simple" />
            <root url="jar://C:/Program Files/java/jdk-11/lib/src.zip!/jdk.accessibility" type="simple" />
            <root url="jar://C:/Program Files/java/jdk-11/lib/src.zip!/jdk.crypto.mscapi" type="simple" />
            <root url="jar://C:/Program Files/java/jdk-11/lib/src.zip!/jdk.hotspot.agent" type="simple" />
            <root url="jar://C:/Program Files/java/jdk-11/lib/src.zip!/jdk.security.auth" type="simple" />
            <root url="jar://C:/Program Files/java/jdk-11/lib/src.zip!/jdk.security.jgss" type="simple" />
            <root url="jar://C:/Program Files/java/jdk-11/lib/src.zip!/java.security.jgss" type="simple" />
            <root url="jar://C:/Program Files/java/jdk-11/lib/src.zip!/java.security.sasl" type="simple" />
            <root url="jar://C:/Program Files/java/jdk-11/lib/src.zip!/jdk.internal.vm.ci" type="simple" />
            <root url="jar://C:/Program Files/java/jdk-11/lib/src.zip!/jdk.management.jfr" type="simple" />
            <root url="jar://C:/Program Files/java/jdk-11/lib/src.zip!/java.management.rmi" type="simple" />
            <root url="jar://C:/Program Files/java/jdk-11/lib/src.zip!/java.transaction.xa" type="simple" />
            <root url="jar://C:/Program Files/java/jdk-11/lib/src.zip!/jdk.crypto.cryptoki" type="simple" />
            <root url="jar://C:/Program Files/java/jdk-11/lib/src.zip!/jdk.internal.jvmstat" type="simple" />
            <root url="jar://C:/Program Files/java/jdk-11/lib/src.zip!/jdk.management.agent" type="simple" />
            <root url="jar://C:/Program Files/java/jdk-11/lib/src.zip!/jdk.scripting.nashorn" type="simple" />
            <root url="jar://C:/Program Files/java/jdk-11/lib/src.zip!/jdk.unsupported.desktop" type="simple" />
            <root url="jar://C:/Program Files/java/jdk-11/lib/src.zip!/jdk.internal.vm.compiler" type="simple" />
            <root url="jar://C:/Program Files/java/jdk-11/lib/src.zip!/jdk.scripting.nashorn.shell" type="simple" />
            <root url="jar://C:/Program Files/java/jdk-11/lib/src.zip!/jdk.internal.vm.compiler.management" type="simple" />
          </root>
        </sourcePath>
      </roots>
      <additional />
    </jdk>
    <jdk version="2">
      <name value="Android API 33, extension level 3 Platform" />
      <type value="Android SDK" />
      <version value="JetBrains Runtime version 17.0.6" />
      <homePath value="D:/Android/Sdk" />
      <roots>
        <annotationsPath>
          <root type="composite">
            <root url="jar://D:/Android/Sdk/platforms/android-33/data/annotations.zip!/" type="simple" />
          </root>
        </annotationsPath>
        <classPath>
          <root type="composite">
            <root url="jar://D:/Android/Sdk/platforms/android-33/android.jar!/" type="simple" />
            <root url="file://D:/Android/Sdk/platforms/android-33/data/res" type="simple" />
          </root>
        </classPath>
        <javadocPath>
          <root type="composite">
            <root url="http://developer.android.com/reference/" type="simple" />
          </root>
        </javadocPath>
        <sourcePath>
          <root type="composite" />
        </sourcePath>
      </roots>
      <additional jdk="Android Studio default JDK" sdk="android-33" />
    </jdk>
    <jdk version="2">
      <name value="Android Studio java home" />
      <type value="JavaSDK" />
      <version value="Oracle OpenJDK version 1.8.0_231" />
      <homePath value="C:/Program Files/java/jdk1.8.0_231" />
      <roots>
        <annotationsPath>
          <root type="composite">
            <root url="jar://$APPLICATION_HOME_DIR$/plugins/java/lib/resources/jdkAnnotations.jar!/" type="simple" />
          </root>
        </annotationsPath>
        <classPath>
          <root type="composite">
            <root url="jar://C:/Program Files/java/jdk1.8.0_231/lib/ant-javafx.jar!/" type="simple" />
            <root url="jar://C:/Program Files/java/jdk1.8.0_231/lib/dt.jar!/" type="simple" />
            <root url="jar://C:/Program Files/java/jdk1.8.0_231/lib/javafx-mx.jar!/" type="simple" />
            <root url="jar://C:/Program Files/java/jdk1.8.0_231/lib/jconsole.jar!/" type="simple" />
            <root url="jar://C:/Program Files/java/jdk1.8.0_231/lib/packager.jar!/" type="simple" />
            <root url="jar://C:/Program Files/java/jdk1.8.0_231/lib/sa-jdi.jar!/" type="simple" />
            <root url="jar://C:/Program Files/java/jdk1.8.0_231/lib/tools.jar!/" type="simple" />
          </root>
        </classPath>
        <javadocPath>
          <root type="composite" />
        </javadocPath>
        <sourcePath>
          <root type="composite">
            <root url="jar://C:/Program Files/java/jdk1.8.0_231/src.zip!/" type="simple" />
            <root url="jar://C:/Program Files/java/jdk1.8.0_231/javafx-src.zip!/" type="simple" />
          </root>
        </sourcePath>
      </roots>
      <additional />
    </jdk>
    <jdk version="2">
      <name value="Android API 22 Platform" />
      <type value="Android SDK" />
      <homePath value="D:/Android/Sdk" />
      <roots>
        <annotationsPath>
          <root type="composite">
            <root url="jar://$APPLICATION_HOME_DIR$/plugins/android/resources/androidAnnotations.jar!/" type="simple" />
          </root>
        </annotationsPath>
        <classPath>
          <root type="composite">
            <root url="jar://D:/Android/Sdk/platforms/android-22/android.jar!/" type="simple" />
            <root url="file://D:/Android/Sdk/platforms/android-22/data/res" type="simple" />
          </root>
        </classPath>
        <javadocPath>
          <root type="composite">
            <root url="http://developer.android.com/reference/" type="simple" />
          </root>
        </javadocPath>
        <sourcePath>
          <root type="composite" />
        </sourcePath>
      </roots>
      <additional jdk="Android Studio default JDK" sdk="android-22" />
    </jdk>
    <jdk version="2">
      <name value="Android API 30 Platform" />
      <type value="Android SDK" />
      <version value="JetBrains Runtime version 17.0.6" />
      <homePath value="D:/Android/Sdk" />
      <roots>
        <annotationsPath>
          <root type="composite">
            <root url="jar://D:/Android/Sdk/platforms/android-30/data/annotations.zip!/" type="simple" />
          </root>
        </annotationsPath>
        <classPath>
          <root type="composite">
            <root url="jar://D:/Android/Sdk/platforms/android-30/android.jar!/" type="simple" />
            <root url="file://D:/Android/Sdk/platforms/android-30/data/res" type="simple" />
          </root>
        </classPath>
        <javadocPath>
          <root type="composite">
            <root url="http://developer.android.com/reference/" type="simple" />
          </root>
        </javadocPath>
        <sourcePath>
          <root type="composite" />
        </sourcePath>
      </roots>
      <additional jdk="Android Studio default JDK" sdk="android-30" />
    </jdk>
    <jdk version="2">
      <name value="17" />
      <type value="JavaSDK" />
      <version value="Oracle OpenJDK version 17.0.7" />
      <homePath value="C:/Program Files/java/jdk-17" />
      <roots>
        <annotationsPath>
          <root type="composite">
            <root url="jar://$APPLICATION_HOME_DIR$/plugins/java/lib/resources/jdkAnnotations.jar!/" type="simple" />
          </root>
        </annotationsPath>
        <classPath>
          <root type="composite">
            <root url="jrt://C:/Program Files/java/jdk-17!/java.base" type="simple" />
            <root url="jrt://C:/Program Files/java/jdk-17!/java.compiler" type="simple" />
            <root url="jrt://C:/Program Files/java/jdk-17!/java.datatransfer" type="simple" />
            <root url="jrt://C:/Program Files/java/jdk-17!/java.desktop" type="simple" />
            <root url="jrt://C:/Program Files/java/jdk-17!/java.instrument" type="simple" />
            <root url="jrt://C:/Program Files/java/jdk-17!/java.logging" type="simple" />
            <root url="jrt://C:/Program Files/java/jdk-17!/java.management" type="simple" />
            <root url="jrt://C:/Program Files/java/jdk-17!/java.management.rmi" type="simple" />
            <root url="jrt://C:/Program Files/java/jdk-17!/java.naming" type="simple" />
            <root url="jrt://C:/Program Files/java/jdk-17!/java.net.http" type="simple" />
            <root url="jrt://C:/Program Files/java/jdk-17!/java.prefs" type="simple" />
            <root url="jrt://C:/Program Files/java/jdk-17!/java.rmi" type="simple" />
            <root url="jrt://C:/Program Files/java/jdk-17!/java.scripting" type="simple" />
            <root url="jrt://C:/Program Files/java/jdk-17!/java.se" type="simple" />
            <root url="jrt://C:/Program Files/java/jdk-17!/java.security.jgss" type="simple" />
            <root url="jrt://C:/Program Files/java/jdk-17!/java.security.sasl" type="simple" />
            <root url="jrt://C:/Program Files/java/jdk-17!/java.smartcardio" type="simple" />
            <root url="jrt://C:/Program Files/java/jdk-17!/java.sql" type="simple" />
            <root url="jrt://C:/Program Files/java/jdk-17!/java.sql.rowset" type="simple" />
            <root url="jrt://C:/Program Files/java/jdk-17!/java.transaction.xa" type="simple" />
            <root url="jrt://C:/Program Files/java/jdk-17!/java.xml" type="simple" />
            <root url="jrt://C:/Program Files/java/jdk-17!/java.xml.crypto" type="simple" />
            <root url="jrt://C:/Program Files/java/jdk-17!/jdk.accessibility" type="simple" />
            <root url="jrt://C:/Program Files/java/jdk-17!/jdk.attach" type="simple" />
            <root url="jrt://C:/Program Files/java/jdk-17!/jdk.charsets" type="simple" />
            <root url="jrt://C:/Program Files/java/jdk-17!/jdk.compiler" type="simple" />
            <root url="jrt://C:/Program Files/java/jdk-17!/jdk.crypto.cryptoki" type="simple" />
            <root url="jrt://C:/Program Files/java/jdk-17!/jdk.crypto.ec" type="simple" />
            <root url="jrt://C:/Program Files/java/jdk-17!/jdk.crypto.mscapi" type="simple" />
            <root url="jrt://C:/Program Files/java/jdk-17!/jdk.dynalink" type="simple" />
            <root url="jrt://C:/Program Files/java/jdk-17!/jdk.editpad" type="simple" />
            <root url="jrt://C:/Program Files/java/jdk-17!/jdk.hotspot.agent" type="simple" />
            <root url="jrt://C:/Program Files/java/jdk-17!/jdk.httpserver" type="simple" />
            <root url="jrt://C:/Program Files/java/jdk-17!/jdk.incubator.foreign" type="simple" />
            <root url="jrt://C:/Program Files/java/jdk-17!/jdk.incubator.vector" type="simple" />
            <root url="jrt://C:/Program Files/java/jdk-17!/jdk.internal.ed" type="simple" />
            <root url="jrt://C:/Program Files/java/jdk-17!/jdk.internal.jvmstat" type="simple" />
            <root url="jrt://C:/Program Files/java/jdk-17!/jdk.internal.le" type="simple" />
            <root url="jrt://C:/Program Files/java/jdk-17!/jdk.internal.opt" type="simple" />
            <root url="jrt://C:/Program Files/java/jdk-17!/jdk.internal.vm.ci" type="simple" />
            <root url="jrt://C:/Program Files/java/jdk-17!/jdk.internal.vm.compiler" type="simple" />
            <root url="jrt://C:/Program Files/java/jdk-17!/jdk.internal.vm.compiler.management" type="simple" />
            <root url="jrt://C:/Program Files/java/jdk-17!/jdk.jartool" type="simple" />
            <root url="jrt://C:/Program Files/java/jdk-17!/jdk.javadoc" type="simple" />
            <root url="jrt://C:/Program Files/java/jdk-17!/jdk.jcmd" type="simple" />
            <root url="jrt://C:/Program Files/java/jdk-17!/jdk.jconsole" type="simple" />
            <root url="jrt://C:/Program Files/java/jdk-17!/jdk.jdeps" type="simple" />
            <root url="jrt://C:/Program Files/java/jdk-17!/jdk.jdi" type="simple" />
            <root url="jrt://C:/Program Files/java/jdk-17!/jdk.jdwp.agent" type="simple" />
            <root url="jrt://C:/Program Files/java/jdk-17!/jdk.jfr" type="simple" />
            <root url="jrt://C:/Program Files/java/jdk-17!/jdk.jlink" type="simple" />
            <root url="jrt://C:/Program Files/java/jdk-17!/jdk.jpackage" type="simple" />
            <root url="jrt://C:/Program Files/java/jdk-17!/jdk.jshell" type="simple" />
            <root url="jrt://C:/Program Files/java/jdk-17!/jdk.jsobject" type="simple" />
            <root url="jrt://C:/Program Files/java/jdk-17!/jdk.jstatd" type="simple" />
            <root url="jrt://C:/Program Files/java/jdk-17!/jdk.localedata" type="simple" />
            <root url="jrt://C:/Program Files/java/jdk-17!/jdk.management" type="simple" />
            <root url="jrt://C:/Program Files/java/jdk-17!/jdk.management.agent" type="simple" />
            <root url="jrt://C:/Program Files/java/jdk-17!/jdk.management.jfr" type="simple" />
            <root url="jrt://C:/Program Files/java/jdk-17!/jdk.naming.dns" type="simple" />
            <root url="jrt://C:/Program Files/java/jdk-17!/jdk.naming.rmi" type="simple" />
            <root url="jrt://C:/Program Files/java/jdk-17!/jdk.net" type="simple" />
            <root url="jrt://C:/Program Files/java/jdk-17!/jdk.nio.mapmode" type="simple" />
            <root url="jrt://C:/Program Files/java/jdk-17!/jdk.random" type="simple" />
            <root url="jrt://C:/Program Files/java/jdk-17!/jdk.sctp" type="simple" />
            <root url="jrt://C:/Program Files/java/jdk-17!/jdk.security.auth" type="simple" />
            <root url="jrt://C:/Program Files/java/jdk-17!/jdk.security.jgss" type="simple" />
            <root url="jrt://C:/Program Files/java/jdk-17!/jdk.unsupported" type="simple" />
            <root url="jrt://C:/Program Files/java/jdk-17!/jdk.unsupported.desktop" type="simple" />
            <root url="jrt://C:/Program Files/java/jdk-17!/jdk.xml.dom" type="simple" />
            <root url="jrt://C:/Program Files/java/jdk-17!/jdk.zipfs" type="simple" />
          </root>
        </classPath>
        <javadocPath>
          <root type="composite" />
        </javadocPath>
        <sourcePath>
          <root type="composite">
            <root url="jar://C:/Program Files/java/jdk-17/lib/src.zip!/java.se" type="simple" />
            <root url="jar://C:/Program Files/java/jdk-17/lib/src.zip!/jdk.jdi" type="simple" />
            <root url="jar://C:/Program Files/java/jdk-17/lib/src.zip!/jdk.jfr" type="simple" />
            <root url="jar://C:/Program Files/java/jdk-17/lib/src.zip!/jdk.net" type="simple" />
            <root url="jar://C:/Program Files/java/jdk-17/lib/src.zip!/java.rmi" type="simple" />
            <root url="jar://C:/Program Files/java/jdk-17/lib/src.zip!/java.sql" type="simple" />
            <root url="jar://C:/Program Files/java/jdk-17/lib/src.zip!/java.xml" type="simple" />
            <root url="jar://C:/Program Files/java/jdk-17/lib/src.zip!/jdk.jcmd" type="simple" />
            <root url="jar://C:/Program Files/java/jdk-17/lib/src.zip!/jdk.sctp" type="simple" />
            <root url="jar://C:/Program Files/java/jdk-17/lib/src.zip!/java.base" type="simple" />
            <root url="jar://C:/Program Files/java/jdk-17/lib/src.zip!/jdk.jdeps" type="simple" />
            <root url="jar://C:/Program Files/java/jdk-17/lib/src.zip!/jdk.jlink" type="simple" />
            <root url="jar://C:/Program Files/java/jdk-17/lib/src.zip!/jdk.zipfs" type="simple" />
            <root url="jar://C:/Program Files/java/jdk-17/lib/src.zip!/java.prefs" type="simple" />
            <root url="jar://C:/Program Files/java/jdk-17/lib/src.zip!/jdk.attach" type="simple" />
            <root url="jar://C:/Program Files/java/jdk-17/lib/src.zip!/jdk.jshell" type="simple" />
            <root url="jar://C:/Program Files/java/jdk-17/lib/src.zip!/jdk.jstatd" type="simple" />
            <root url="jar://C:/Program Files/java/jdk-17/lib/src.zip!/jdk.random" type="simple" />
            <root url="jar://C:/Program Files/java/jdk-17/lib/src.zip!/java.naming" type="simple" />
            <root url="jar://C:/Program Files/java/jdk-17/lib/src.zip!/jdk.editpad" type="simple" />
            <root url="jar://C:/Program Files/java/jdk-17/lib/src.zip!/jdk.jartool" type="simple" />
            <root url="jar://C:/Program Files/java/jdk-17/lib/src.zip!/jdk.javadoc" type="simple" />
            <root url="jar://C:/Program Files/java/jdk-17/lib/src.zip!/jdk.xml.dom" type="simple" />
            <root url="jar://C:/Program Files/java/jdk-17/lib/src.zip!/java.desktop" type="simple" />
            <root url="jar://C:/Program Files/java/jdk-17/lib/src.zip!/java.logging" type="simple" />
            <root url="jar://C:/Program Files/java/jdk-17/lib/src.zip!/jdk.charsets" type="simple" />
            <root url="jar://C:/Program Files/java/jdk-17/lib/src.zip!/jdk.compiler" type="simple" />
            <root url="jar://C:/Program Files/java/jdk-17/lib/src.zip!/jdk.dynalink" type="simple" />
            <root url="jar://C:/Program Files/java/jdk-17/lib/src.zip!/jdk.jconsole" type="simple" />
            <root url="jar://C:/Program Files/java/jdk-17/lib/src.zip!/jdk.jpackage" type="simple" />
            <root url="jar://C:/Program Files/java/jdk-17/lib/src.zip!/jdk.jsobject" type="simple" />
            <root url="jar://C:/Program Files/java/jdk-17/lib/src.zip!/java.compiler" type="simple" />
            <root url="jar://C:/Program Files/java/jdk-17/lib/src.zip!/java.net.http" type="simple" />
            <root url="jar://C:/Program Files/java/jdk-17/lib/src.zip!/jdk.crypto.ec" type="simple" />
            <root url="jar://C:/Program Files/java/jdk-17/lib/src.zip!/java.scripting" type="simple" />
            <root url="jar://C:/Program Files/java/jdk-17/lib/src.zip!/jdk.httpserver" type="simple" />
            <root url="jar://C:/Program Files/java/jdk-17/lib/src.zip!/jdk.jdwp.agent" type="simple" />
            <root url="jar://C:/Program Files/java/jdk-17/lib/src.zip!/jdk.localedata" type="simple" />
            <root url="jar://C:/Program Files/java/jdk-17/lib/src.zip!/jdk.management" type="simple" />
            <root url="jar://C:/Program Files/java/jdk-17/lib/src.zip!/jdk.naming.dns" type="simple" />
            <root url="jar://C:/Program Files/java/jdk-17/lib/src.zip!/jdk.naming.rmi" type="simple" />
            <root url="jar://C:/Program Files/java/jdk-17/lib/src.zip!/java.instrument" type="simple" />
            <root url="jar://C:/Program Files/java/jdk-17/lib/src.zip!/java.management" type="simple" />
            <root url="jar://C:/Program Files/java/jdk-17/lib/src.zip!/java.sql.rowset" type="simple" />
            <root url="jar://C:/Program Files/java/jdk-17/lib/src.zip!/java.xml.crypto" type="simple" />
            <root url="jar://C:/Program Files/java/jdk-17/lib/src.zip!/jdk.internal.ed" type="simple" />
            <root url="jar://C:/Program Files/java/jdk-17/lib/src.zip!/jdk.internal.le" type="simple" />
            <root url="jar://C:/Program Files/java/jdk-17/lib/src.zip!/jdk.nio.mapmode" type="simple" />
            <root url="jar://C:/Program Files/java/jdk-17/lib/src.zip!/jdk.unsupported" type="simple" />
            <root url="jar://C:/Program Files/java/jdk-17/lib/src.zip!/java.smartcardio" type="simple" />
            <root url="jar://C:/Program Files/java/jdk-17/lib/src.zip!/jdk.internal.opt" type="simple" />
            <root url="jar://C:/Program Files/java/jdk-17/lib/src.zip!/java.datatransfer" type="simple" />
            <root url="jar://C:/Program Files/java/jdk-17/lib/src.zip!/jdk.accessibility" type="simple" />
            <root url="jar://C:/Program Files/java/jdk-17/lib/src.zip!/jdk.crypto.mscapi" type="simple" />
            <root url="jar://C:/Program Files/java/jdk-17/lib/src.zip!/jdk.hotspot.agent" type="simple" />
            <root url="jar://C:/Program Files/java/jdk-17/lib/src.zip!/jdk.security.auth" type="simple" />
            <root url="jar://C:/Program Files/java/jdk-17/lib/src.zip!/jdk.security.jgss" type="simple" />
            <root url="jar://C:/Program Files/java/jdk-17/lib/src.zip!/java.security.jgss" type="simple" />
            <root url="jar://C:/Program Files/java/jdk-17/lib/src.zip!/java.security.sasl" type="simple" />
            <root url="jar://C:/Program Files/java/jdk-17/lib/src.zip!/jdk.internal.vm.ci" type="simple" />
            <root url="jar://C:/Program Files/java/jdk-17/lib/src.zip!/jdk.management.jfr" type="simple" />
            <root url="jar://C:/Program Files/java/jdk-17/lib/src.zip!/java.management.rmi" type="simple" />
            <root url="jar://C:/Program Files/java/jdk-17/lib/src.zip!/java.transaction.xa" type="simple" />
            <root url="jar://C:/Program Files/java/jdk-17/lib/src.zip!/jdk.crypto.cryptoki" type="simple" />
            <root url="jar://C:/Program Files/java/jdk-17/lib/src.zip!/jdk.incubator.vector" type="simple" />
            <root url="jar://C:/Program Files/java/jdk-17/lib/src.zip!/jdk.internal.jvmstat" type="simple" />
            <root url="jar://C:/Program Files/java/jdk-17/lib/src.zip!/jdk.management.agent" type="simple" />
            <root url="jar://C:/Program Files/java/jdk-17/lib/src.zip!/jdk.incubator.foreign" type="simple" />
            <root url="jar://C:/Program Files/java/jdk-17/lib/src.zip!/jdk.unsupported.desktop" type="simple" />
            <root url="jar://C:/Program Files/java/jdk-17/lib/src.zip!/jdk.internal.vm.compiler" type="simple" />
            <root url="jar://C:/Program Files/java/jdk-17/lib/src.zip!/jdk.internal.vm.compiler.management" type="simple" />
          </root>
        </sourcePath>
      </roots>
      <additional />
    </jdk>
  </component>
</application>